epoch,time,train/box_loss,train/cls_loss,train/dfl_loss,metrics/precision(B),metrics/recall(B),metrics/mAP50(B),metrics/mAP50-95(B),val/box_loss,val/cls_loss,val/dfl_loss,lr/pg0,lr/pg1,lr/pg2
1,37.0463,1.86641,5.51272,1.20503,0.16841,0.08333,0.008,0.00537,1.66168,5.10111,1.11965,0.09802,2e-05,2e-05
2,66.9057,1.7646,3.38839,0.97975,0.00369,0.13542,0.00983,0.00614,1.81306,4.63942,1.15193,0.0950495,4.9505e-05,4.9505e-05
